isic_id,prob_class_1
ISIC_0015657,0.05487392
ISIC_0015729,0.0026088567
ISIC_0015740,0.0017299866
